BEGIN TRANSACTION;
DROP TABLE IF EXISTS "meals";
CREATE TABLE IF NOT EXISTS "meals" (
	"meal_id"	INTEGER,
	"category"	TEXT NOT NULL,
	"meal"	TEXT NOT NULL,
	PRIMARY KEY("meal_id" AUTOINCREMENT)
);
DROP TABLE IF EXISTS "ingredients";
CREATE TABLE IF NOT EXISTS "ingredients" (
	"ingredient_id"	INTEGER,
	"meal_id"	INTEGER NOT NULL,
	"ingredient"	TEXT NOT NULL,
	PRIMARY KEY("ingredient_id" AUTOINCREMENT),
	FOREIGN KEY("meal_id") REFERENCES "meals"("meal_id")
);
DROP TABLE IF EXISTS "plan";
CREATE TABLE IF NOT EXISTS "plan" (
	"plan_id"	INTEGER,
	"day"	TEXT NOT NULL,
	"category"	TEXT NOT NULL,
	"meal_id"	INTEGER NOT NULL,
	PRIMARY KEY("plan_id" AUTOINCREMENT),
	FOREIGN KEY("meal_id") REFERENCES "meals"("meal_id")
);
INSERT INTO "meals" ("meal_id","category","meal") VALUES (1,'breakfast','scrambled eggs'),
 (2,'breakfast','sandwich'),
 (3,'breakfast','oatmeal'),
 (4,'breakfast','english breakfast'),
 (5,'lunch','sushi'),
 (6,'lunch','chicken salad'),
 (7,'lunch','omelette'),
 (8,'lunch','salad'),
 (9,'dinner','pumpkin soup'),
 (10,'dinner','beef steak'),
 (11,'dinner','pizza'),
 (12,'dinner','tomato soup');
INSERT INTO "ingredients" ("ingredient_id","meal_id","ingredient") VALUES (1,1,'eggs'),
 (2,1,'milk'),
 (3,1,'cheese'),
 (4,2,'bread'),
 (5,2,'cheese'),
 (6,2,'ham'),
 (7,3,'oats'),
 (8,3,'milk'),
 (9,3,'banana'),
 (10,3,'peanut butter'),
 (11,4,'eggs'),
 (12,4,'sausages'),
 (13,4,'bacon'),
 (14,4,'tomatoes'),
 (15,4,'bread'),
 (16,5,'salmon'),
 (17,5,'rice'),
 (18,5,'avocado'),
 (19,6,'chicken'),
 (20,6,'lettuce'),
 (21,6,'tomato'),
 (22,6,'olives'),
 (23,7,'eggs'),
 (24,7,'milk'),
 (25,7,'cheese'),
 (26,8,'lettuce'),
 (27,8,'tomato'),
 (28,8,'onion'),
 (29,8,'cheese'),
 (30,8,'olives'),
 (31,9,'pumpkin'),
 (32,9,'coconut milk'),
 (33,9,'curry'),
 (34,9,'carrots'),
 (35,10,'beef steak'),
 (36,11,'flour'),
 (37,11,'tomato'),
 (38,11,'cheese'),
 (39,11,'salami'),
 (40,12,'tomato'),
 (41,12,'orzo');
INSERT INTO "plan" ("plan_id","day","category","meal_id") VALUES (1,'Monday','Breakfast',1),
 (2,'Monday','Lunch',5),
 (3,'Monday','Dinner',9),
 (4,'Tuesday','Breakfast',2),
 (5,'Tuesday','Lunch',6),
 (6,'Tuesday','Dinner',10),
 (7,'Wednesday','Breakfast',3),
 (8,'Wednesday','Lunch',7),
 (9,'Wednesday','Dinner',11),
 (10,'Thursday','Breakfast',4),
 (11,'Thursday','Lunch',8),
 (12,'Thursday','Dinner',12),
 (13,'Friday','Breakfast',1),
 (14,'Friday','Lunch',5),
 (15,'Friday','Dinner',9),
 (16,'Saturday','Breakfast',2),
 (17,'Saturday','Lunch',6),
 (18,'Saturday','Dinner',10),
 (19,'Sunday','Breakfast',3),
 (20,'Sunday','Lunch',7),
 (21,'Sunday','Dinner',11);
COMMIT;
